portugal
brasil
europa
lisboa
estados_unidos
porto
espanha
itália
eua
alemanha
frança
são_pedro
rússia
país
são_sebastião
são_francisco
holanda
paris
brasília
bósnia
coimbra
chaves
alvalade
rio_grande
américa
áfrica
turquia
são_lourenço
são_jorge
país_de_gales
nova_iorque
norte
madeira
inglaterra
china
angola
algarve
washington
são_josé
santa_cruz
santa_catarina
porto_rico
nordeste
japão
grã-bretanha
continente
barcelona
são_luís
santa_bárbara
ribeira_grande
moscovo
leiria
israel
irão
centro_cultural_de_belém
bélgica
aveiro
sul
são_vicente
polónia
maastricht
luanda
hong_kong
famalicão
dinamarca
barcelos
áustria
vila_franca
tóquio
são_joão
são_carlos
são_bento
san_francisco
roménia
roma
ocidente
moçambique
londres
líbano
indonésia
índia
ermesinde
douro
damasco
casa_branca
braga
belém
alverca
afeganistão
vila_real
vila_nova_de_gaia
vila_franca_de_xira
trinidad
tobago
teerão
suíça
setúbal
são_petersburgo
são_benedito
santa_maria
san_josé
sagres
república_dominicana
profir
paquistão
madrid
los_angeles
jacarta
iraque
hungria
hamburgo
grande
frankfurt
faro
évora
croácia
cisjordânia
ce
canadá
campina_grande
buenos_aires
bruxelas
boavista
berlim
beja
austrália
argélia
américa_latina
açores
viseu
vaticano
vasco_de_a_gama
valença
tunísia
timor
texas
terra_nova
sines
sêbadas
são_tomé
são_nicolau
são_martinho
são_caetano
santiago_de_compostela
santa_teresinha
santa_luzia
santa_isabel
santa_ana
rio_ave
região_sul
região_norte
punjab
porto_santo
ponte_preta
phnom_penh
oeste
municípios
méxico
matosinhos
marrocos
maputo
luz
kuwait
juiz_de_fora
jugoslávia
jordânia
hollywood
haiti
foz
figueira_de_a_foz
fátima
estados_unidos_de_a_américa
egipto
cuba
colômbia
côa
chile
ccb
casa
br
boston
belgrado
bahia
bagdad
av._de_roma
arizona
argentina
antas
alentejo
ajuda
áfrica_de_o_sul
açoteias
abrantes
zielona_góra
wounded_knee
west_bend
wessington_springs
vila_xurupita
vila_flor
vila_de_o_conde
viena
venda_nova
vale_de_o_ave
vale_de_arcena
urss
union_city
ulster
uberaba
timor-leste
terceira
tennessee
tejo
teatro_nacional_de_são_carlos
tchetchénia
tamisa
suiça
suécia
sudão
soci
síria
serra_de_o_pilar
s.bento
sarajevo
são_paulo
são_miguel
são_miguel_de_o_araguaia
são_mateus
são_mamede
santo_domingo
santo_antônio
santa_teresa
santa_rosa
santarém
santander
santa_maria_de_jetibá
santa_helena
santa_elena_de_arenales
santa_cecília
san_diego
san_angelo
saint_john
sagrada_família
rue_de_la_pompe
rio_negro
restelo
república_federal_de_a_alemanha
región_autónoma
região_nordeste
rabat
praia_grande
praça_vermelha
praça_trópico_de_câncer
pouso_alto
porto_velho
ponte_vasco_de_a_gama
pinhal_novo
ourense
orlando
oriente
novo_mundo
noruega
new_jersey
nacofino
mountain_view
minas_gerais
metro
mediterrâneo
mar_vermelho
marselha
marinha_grande
manchester
macedo_de_cavaleiros
macau
luxemburgo
lourinhã
libreville
líbia
lapónia
lagoa
lagoa_grande
irlanda_de_o_norte
hospital_júlio_de_matos
hospital_de_santa_maria
guiné-bissau
guincho
guimarães
grécia
graciosa
golfo
furnas
funchal
francelos
florida
fernão_ferro
faixa_de_gaza
faculdade
europa_oriental
europa_central
estrasburgo
estádio_das_antas
entroncamento
el_dorado
düsseldorf
durban
donington
des_moines
coreia_de_o_sul
colônia_de_o_sacramento
colégio
colégio_de_o_mondego
cocke
cine-teatro_curvo_semedo
centro_comercial_colombo
castilla_y_léon
carvalhas
carregado
carnaxide
cantanhede
campo_grande
califórnia
bulgária
bouchehr
bissau
bié
bielorússia
belo_horizonte
arrábida
armamar
arcena
américa_de_o_sul
amazônia
amália
alenquer
zona_económica_especial_de_zhuhai
ziauddin_pur
zhuhai
zambujeira
zakan-iurt
yamaguchi
woodland_park
wiesbade
west_valley_city
west_tawakoni
wenceslau_braz
washington_institute_for_near_east_policy
walikale
wadgaon_road
volta_grande
villa_mercedes
vildemoinhos
vila_sol
vila_rica
vila_nova_de_famalicão
vilanova_de_arousa
vila_maria
vila_de_o_bispo
vila_baleira
videoteca_de_lisboa
vicente_de_carvalho
viana_de_o_castelo
vestefália
vero_beach
verdun
veneza
velho_continente
várzea_grande
várzea_alegre
vargem_bonita
van_cleef
valongo
vale_de_o_tejo
vale_de_os_vinhedos
uttar_pirpur
uttar_mahammadpur
usa
uruguai
urbanização_de_a_bela_vista
uran_islampur
urais
universal
uncha_siwana
umuarama
umri_kalan
umraniye
ucrânia
tuy
tundla_kham
trovões
trindade_e_tobago
três_marias
transkei
transilvânia
tossa_de_mar
tortola
torres_vedras
torre_de_vigilância
tondi_fatehpur
tomar
timisoara
timbó_grande
tilda_newra
tikait_nagar
tijuco
thief_river_falls
terreiro_de_o_paço
terra_santa
terra_prometida
terra
ter_apelkanaal
telavive
teatro_rivoli
teatro_nacional_de_s.joão
teatro_nacional_de_d.maria_ii
teatro_de_são_carlos
teatro_de_o_bairro_alto
teatro_de_a_trindade
tcheliabinsk
tanque
tanque_novo
tampere
tadjiquistão
sydney
super_muffato
sulu
sultan_pur_majra
suez
sudesul
stuttgart
sri_lanka
spring_valley
speakeasy
southampton
soure
somalilândia
somália
sol_nascente
snow_hill
s.joão_de_a_pesqueira
sintra
sint_maartensdijk
sin_city
silver_city
sikandra_rao
sierra_madre
sidi_ifni
shopping_center_cidade_de_o_porto
sherwood
sevilha
sete_rios
sérvia
sertão_santana
serra_negra
serra_de_a_culebra
serpa
seoni_malwa
seixal
secundária_de_clara_de_resende
s.domingos
scalabis
sardoal
sara_ocidental
sara
são_tomás_de_aquino
sã£o_tomã©
são_romão
são_pedro_de_o_sul
são_pedro_de_o_estoril
são_paulo_de_olivença
são_marcos
são_julião
são_joão_de_o_triunfo
são_joão_de_a_boa_vista
são_jacinto
são_francisco_de_paula
são_fernando
são_félix_de_o_xingu
são_bento_abade
são_bentinho
sanzao
santuário_mariano_de_czestokowa
santo_antônio_de_lisboa
santiago_de_cuba
santa_sofía
santa_rita_de_caldas
santa_paula
santana_de_o_itararé
santana_de_o_araguaia
santa_marta
santa_maria_de_as_barreiras
santa_maria_de_a_feira
santa_lúcia
santa_leopoldina
santa_isabel_de_o_rio_negro
santa_inês
santa_fé
santa_cruz_de_los_taques
santa_adélia
san_sebastián
san_salvador
san_roque
san_rafael
san_miguel_de_allende
san_luis_potosí
san_luis
san_lucas
san_juan
san_javier
san_gabriel
san_fernando
san_fernando_de_apure
sanem
san_ardo
san_antonio
sambavar_vadagarai
samachki
salzburgo
sala_polivalente_de_o_acarte
sala_antónio_josé_de_a_silva
sacred_heart
sabóia
rudnik
rua_oliveira_martins
rua_eduardo_bairrada
rua_edison
rua_de_o_século
rua_de_o_reimão
rua_de_o_ouro
rua_de_d._fernando
rua_das_flores
round_rock
roterdão
rosmalen
rosario
rocky_ford
rock_river
rochedo_de_minas
roberto_burle_marx
rio_pomba
rio_paranaíba
rio_lima
rio_doce
richmond_hill
república_checa
reitoria_de_a_universidade_clássica_de_lisboa
reimão
região
região_metropolitana_de_são_paulo
região_metropolitana_de_montreal
região_metropolitana_de_maringá
região_metropolitana_de_campinas
região_metropolitana_de_belo_horizonte
região_de_turismo_de_o_ribatejo
região_autónoma_de_a_madeira
real_teatro_de_queluz
r._coelho_de_a_rocha
rampa_de_a_arrábida
ram_garh
ramganj_mandi
rabkavi_banhatti
quioto
quintana_roo
quinta_dos_lombos
quinta_de_o_castro
quinta_avenida
quilengues
queluz
quatro_caminhos
quarteira
qatar
pyongyang
punto_fijo
punta_arenas
punia
puerto_williams
puerto_píritu
puerto
puerto_montt
puerto_cumarebo
prússia_real
prior
principado
pretória
presidente_olegário
presidente_kennedy
presidente_dutra
praia_dos_tomates
praia_de_a_vitória
praça_general_humberto_delgado
praça_de_o_comércio
praça_de_espanha
póvoa_de_lanhoso
pousada_de_s.teotónio
potts_camp
port_wentworth
port_sanilac
porto_feliz
porto_dinheiro
porto_de_cascais
port_moody
port_huron
port-au-prince
portas_de_o_sol
porta_de_damasco
poplar_bluff
ponto_frio
ponte_de_o_freixo
ponte_de_d.luís_i
ponte_25_de_abril
ponta_delgada
point_pleasant
point_clear
pocono_pines
pocomoke_city
poço_fundo
pipalsana_chaudhari
piódão
pinhel
pinheiro
pingree_grove
piedmont
pico
phulwari_sharif
phoenix
peru
peralta
pentágono
pensão_beira_baixa
peniche
pehlad_pur_bangar
pavilhã£o_das_antas
pavilhão_branco_de_o_museu_de_a_cidade
pasteleira
passy
parque_natural_de_montesinho
parque_eduardo_vii
parque_dos_princípes
pará
paraná
paotai
panamá
pampulha
palmerston_north
palma
palestina
pale
palácio_nacional_de_queluz
palácio_itamarati
palácio_galveias
palácio_de_o_planalto
palácio_de_buckingham
palácio_de_as_laranjeiras_a_o_senhor_sidney_earle_smith
palácio_de_a_bolsa
palácio_das_necessidades
países_baixos
paio_pires
paços_de_brandão
ovar
ouro_preto
ossétia_de_o_norte
oslo
óscar_monteiro_torres
oriental
oliveira_martins
old_england
ohio
odivelas
odessa
odemira
odeceixe
oceanário_de_lisboa
ocapa
obispo_ramos_de_lora
nova_deli
nou_camp
norte_shopping
norte_de_espanha
norte_de_a_europa
newquay
nagorno-karabakh
nagasaqui
nad
museu_olímpico
museu
museu_nacional
museu_nacional_de_história_natural
museu_nacional_de_arte_antiga
museu_de_o_ar
museu_de_imprensa
museu_de_a_marioneta
muro
munique
município
municipal_de_chaves
mouraria
mosdok
moscavide
montmelò
montijo
montesinho
monte-o-novo
montemor-o-velho
montemor-o-novo
montemor
monte_estoril
monte_de_a_caparica
montechoro
mondego
monção
moinhos_de_a_funcheira
mogadíscio
moã§ambique
miranda_de_o_corvo
minho
mindelo
mindanao
milão
miami
mexelhoeira
metz
mercado_municipal_de_santiago
mercado_de_manuel_firmino
médio_oriente
maxime
massamá
martim_moniz
manique_de_o_intendente
malta
malecón
makokou
maia
maharashtra
magrebe
mafra
macedo
mação
lusaca
lunda_norte
lumiar
lovios
lousã
loures_shopping
long_island
lojas_marisa
liverpool
lion
liceu_sophie_charlotte
leste
leopoldina
león
lausana
las_vegas
las_palmas
largo_de_a_igreja
la_palma
lamego
laman
kruppstrasse
kisangani
kip_jones
kimberley
karachaevo-tcherkéssia
júpiter
jullundur
jolo
jiu
jerusalém_oriental
jardim_zoológico
jardim_zoológico_de_lisboa
jardim_de_o_tabaco
jardim_de_o_éden
jardim_alameda
janelas_verdes
jamba
jamaica
itinerário_principal_nº_1
istambul
iseg
irlanda
interlagos
instituto_superior_de_economia_e_gestão
instituto_superior_de_economia_e_gestao
infante_santo
india
império_austro-hungaro
ímola
ilha_de_a_reunião
iémen
huambo
hotel_alfa
hot_clube
hospital_rei_eduardo_viii
hospital_prisional_s.joão_de_deus
hospital_distrital_de_barcelos
hospital_de_santo_antónio
hospital_de_faro
hospital_de_beja
hospital_de_as_clínicas_unicamp
honk-kong
hong-kong
hofheim
hockenheim
hemisfério
helmond
halifax
haia
guiné
guernica
gucci
guarda
guantanamo
grozni
gran_piedra
grande_porto
grande_lisboa
grande_auditório_gulbenkian
gondomar
golã
gibraltar
genebra
gazi_mahallesi
gaza
garizim
gare_de_o_oriente
gâmbia
galinheiras
fresco
franã§a
foz_de_o_arelho
foz_côa
fortaleza
fonte_de_a_telha
flushing_meadow
flórida
floresta_de_o_araguaia
flamengos
finlândia
fil
faial
fafe
faculdade_nacional_de_a_medicina
faculdade_de_medicina
faculdade_de_letras_de_lisboa
faculdade_de_ciências
faculdade_de_ciências_de_a_universidade_de_lisboa
fábrica_de_a_telha
fábrica_de_a_cerâmica
ex-união_soviética
extremo_oriente
ex-jugoslávia
euskadi
europa_ocidental
europa_de_o_sul
estugarda
estrela_dalva
estrada_nacional_2
estónia
estados-unidos
estados_de_a_região
estádio_nacional
estação_de_zoologia_marítima_augusto_nobre
espinho
esmirna
eslovénia
escola_técnica_de_belo_horizonte
escola_superior_de_educação_jean_piaget
escola_nacional_de_administração
escola_de_minas_e_metalurgia
escola_de_engenharia
escola_básica_de_o_2º_e_3º_ciclo_de_santa_clara
escandinávia
escadinhas_de_a_praia
ermitage
erez
entre-os-rios
entre_douro_e_minho
england
edimburgo
edifício_torre
dublin
dubai
dorzacos
d.joão_v
distrito_federal
díli
dayton
darwin
dardanelos
d'arca
damaia
daguestão
czestochawa
cuneo
cunene
cruz_alta
crescente_dourado
cracóvia
covilhã
cova_de_a_canastra
costa_de_o_marfim
coreia_de_o_norte
convento_de_santo_agostinho
constantinopla
condeixa
conde_d'óbidos
conceição_de_o_araguaia
conakry
comuna_de_paris
college_station
coliseu_dos_recreios
colégio_municipal_de_visconde_de_o_rio_branco
colares
clínica_geral
clínica_cirúrgica
clichy
circuito_europeu_de_golfe
cinemateca_portuguesa
cidade_de_o_méxico
cidade_de_a_praia
centro_tecnológico_de_a_cortiça
centro_dramático_de_évora
centro_de_saúde
centro_de_saúde_de_santa_mónica
centro_de_instrução_de_operações_especiais
centro_de_ciência_e_tecnologias_de_o_mar
centro_cultural_de_a_malaposta
centro_comercial_dallas
cemitério_de_o_alto_de_são_joão
cáucaso_de_o_norte
catedral_de_são_marcos
catalunha
castelo_d'aria
cascais
casal_ventoso
casal_de_a_fonte
casal_das_pimenteiras
casa_fernando_pessoa
casa_de_o_nuno
carvalhos
carvalhido
carvalhal
cartier
cartaxo
carnide
capital
capela_de_o_rei
canecão
canárias
campo_pequeno
campo_maior
campo_de_vale_formoso
campo_das_cebolas
campinas
camboja
calypso
cais_de_a_rocha
cádiz
cádis
cacia
cacã©m
cabul
burgos
bukavu
buchholz
bucareste
brunei
brasil_oeste
brandeburgo
bragança
bósnia-herzegovina
bona
bom_sucesso
bombaim
bolívia
bogotã¡
boca_de_o_inferno
bloco_central
bissalanca
birmânia
bilbau
biblioteca_de_alexandria
beselga
bentalha
benguela
belle_isle
beit_lid
basileia
barreiro
bali-dogle
bakuriani
baixo_alentejo
baixa
baixa_de_lisboa
baixa_de_coimbra
bairro_monte_belo
bairro_de_a_pasteleira
bairro_alto
baidoa
bafwasende
azueira
azenha
avenue_foch
avenida_gorki
aveleda
av._de_madrid
av._casal_ribeiro
autódromo_de_o_estoril
aústria
australia
au-sable
auditório_mirita_casimiro
atlántico_sur
atlântico
atlántico_norte
atlanta
astúrias
arrentela
arménia
armani
armação_de_pêra
argun
argel
arganil
areia_branca
arco_de_o_triunfo
arábia_saudita
aquário_de_a_foz
antuérpia
angeles
anfiteatro_de_a_doca
ancara
alto_santo
altos_alpes
alto_rio_negro
alto_de_campoo
alta_estremadura
alqueirão
alemanha_de_leste
albufeira
albânia
alaska
a-dos-cães
abidjan
7_e_meio
24_de_julho
rio_de_janeiro
